{"cameraMode":{"drawMode":0,"name":"Shaded","section":"Shading Mode"},"sceneLighting":false,"audioPlay":false,"sceneViewState":{"showFog":false,"showMaterialUpdate":false,"showSkybox":false,"showFlares":false,"showImageEffects":true,"showParticleSystems":true,"showVisualEffectGraphs":true,"m_FxEnabled":true},"in2DMode":false,"pivot":{"x":6.736555099487305,"y":6.1088948249816898,"z":-10.002422332763672},"rotation":{"x":-0.21023088693618775,"y":0.0023564868606626989,"z":-0.0005178903229534626,"w":-0.9776622653007507},"size":0.8660253882408142,"orthographic":false}