{"cameraMode":{"drawMode":0,"name":"Shaded","section":"Shading Mode"},"sceneLighting":true,"audioPlay":false,"sceneViewState":{"showFog":false,"showMaterialUpdate":false,"showSkybox":false,"showFlares":false,"showImageEffects":true,"showParticleSystems":true,"showVisualEffectGraphs":true,"m_FxEnabled":true},"in2DMode":false,"pivot":{"x":1.3431613445281983,"y":3.2723259925842287,"z":0.36180591583251955},"rotation":{"x":0.031177891418337823,"y":-0.9475521445274353,"z":0.30280640721321108,"w":0.0975688099861145},"size":6.514214992523193,"orthographic":false}