{"cameraMode":{"drawMode":0,"name":"Shaded","section":"Shading Mode"},"sceneLighting":true,"audioPlay":false,"sceneViewState":{"showFog":false,"showMaterialUpdate":false,"showSkybox":false,"showFlares":false,"showImageEffects":true,"showParticleSystems":true,"showVisualEffectGraphs":true,"m_FxEnabled":true},"in2DMode":false,"pivot":{"x":-5.372683525085449,"y":-16.445781707763673,"z":38.96269607543945},"rotation":{"x":-0.2655858099460602,"y":0.0023222824092954399,"z":-0.0006531514227390289,"w":-0.9640966057777405},"size":33.80884552001953,"orthographic":false}